firstName,secondName,birthYear
Lyndia,Mericle,1981
Errol,Mayr,2007
Ardelle,Casper,2004
Colby,Campfield,1966
Vicente,Voll,1985
Melodie,Whiten,2003
Adena,Mcfadden,1966
Keeley,Raminez,2001
Jewell,Etzel,2007
Scarlett,Allen,2002
Tamisha,Zinck,1957
Modesto,Goshorn,2009
Chelsie,Antonelli,1973
Isidro,Cioffi,1953
Stanley,Riel,1983
Jerrod,Maguire,1979
Celesta,Coolbaugh,1962
Soila,Clayborn,2005
Margit,Bormann,1994
Cassie,Villegas,2007
Stacia,Macaulay,1992
Bart,Cambra,2008
Albert,Eidt,2006
Eugene,Fauntleroy,1957
Marquetta,Budniewski,2008
Ellyn,Rhodes,2007
Anibal,Amos,2009
Berna,Tubman,1975
Tesha,Fulcher,1974
Lee,Younts,2001
